count,ccar_level_3_segment,rptg_prd_mnth_bid
160824,American Airlines,201902
39008,American Airlines,201901
39334,American Airlines,201812
25663,American Airlines,201811
27400,American Airlines,201810
33297,American Airlines,201809
27713,American Airlines,201808
28923,American Airlines,201807
34736,American Airlines,201806
57317,American Airlines,201805
36542,American Airlines,201804
44314,American Airlines,201803
40090,American Airlines,201802
35077,American Airlines,201801
24815,American Airlines,201712
19997,American Airlines,201711
20741,American Airlines,201710
15185,American Airlines,201709
12974,American Airlines,201708
14530,American Airlines,201707
11000,American Airlines,201706
11805,American Airlines,201705
5711,American Airlines,201704
824,American Airlines,201703
819,American Airlines,201702
420,American Airlines,201701
101,American Airlines,201612
210386,Apple,201902
56886,Apple,201901
43703,Apple,201812
39292,Apple,201811
27284,Apple,201810
28240,Apple,201809
29956,Apple,201808
29307,Apple,201807
28040,Apple,201806
35012,Apple,201805
55858,Apple,201804
50196,Apple,201803
41022,Apple,201802
56333,Apple,201801
52322,Apple,201712
45580,Apple,201711
39305,Apple,201710
29577,Apple,201709
28161,Apple,201708
32871,Apple,201707
28547,Apple,201706
34083,Apple,201705
55872,Apple,201704
54950,Apple,201703
44697,Apple,201702
55503,Apple,201701
49463,Apple,201612
37435,Apple,201611
35337,Apple,201610
35446,Apple,201609
38897,Apple,201608
36162,Apple,201607
33308,Apple,201606
37302,Apple,201605
54628,Apple,201604
50704,Apple,201603
23965,Arrival,201902
1751,Arrival,201901
2420,Arrival,201812
3014,Arrival,201811
725,Arrival,201810
440,Arrival,201809
421,Arrival,201808
1508,Arrival,201807
1985,Arrival,201806
2473,Arrival,201805
2201,Arrival,201804
2672,Arrival,201803
3794,Arrival,201802
5546,Arrival,201801
6288,Arrival,201712
7368,Arrival,201711
8210,Arrival,201710
8299,Arrival,201709
8877,Arrival,201708
10920,Arrival,201707
9098,Arrival,201706
11590,Arrival,201705
7984,Arrival,201704
8646,Arrival,201703
6683,Arrival,201702
6729,Arrival,201701
4205,Arrival,201612
3996,Arrival,201611
4053,Arrival,201610
5003,Arrival,201609
6459,Arrival,201608
7073,Arrival,201607
7125,Arrival,201606
8122,Arrival,201605
7100,Arrival,201604
7536,Arrival,201603
16,Aspiring Prime,201902
1,Aspiring Prime,201811
2,Aspiring Prime,201810
1,Aspiring Prime,201809
3,Aspiring Prime,201712
1,Aspiring Prime,201711
13,Aspiring Prime,201709
33,Aspiring Prime,201708
47,Aspiring Prime,201707
84,Aspiring Prime,201706
929,Aspiring Prime,201705
6492,Aspiring Prime,201704
13179,Aspiring Prime,201703
10130,Aspiring Prime,201702
56850,Aspiring Prime,201701
9337,Aspiring Prime,201612
10520,Aspiring Prime,201611
10494,Aspiring Prime,201610
11950,Aspiring Prime,201609
23490,Aspiring Prime,201608
31168,Aspiring Prime,201607
26697,Aspiring Prime,201606
30652,Aspiring Prime,201605
33159,Aspiring Prime,201604
35738,Aspiring Prime,201603
96164,JetBlue Airways,201902
18954,JetBlue Airways,201901
21122,JetBlue Airways,201812
18369,JetBlue Airways,201811
18372,JetBlue Airways,201810
20596,JetBlue Airways,201809
21197,JetBlue Airways,201808
21249,JetBlue Airways,201807
22427,JetBlue Airways,201806
21985,JetBlue Airways,201805
21244,JetBlue Airways,201804
23987,JetBlue Airways,201803
21326,JetBlue Airways,201802
17532,JetBlue Airways,201801
25204,JetBlue Airways,201712
19308,JetBlue Airways,201711
19644,JetBlue Airways,201710
20711,JetBlue Airways,201709
17098,JetBlue Airways,201708
16828,JetBlue Airways,201707
15704,JetBlue Airways,201706
18631,JetBlue Airways,201705
14806,JetBlue Airways,201704
15327,JetBlue Airways,201703
19323,JetBlue Airways,201702
18906,JetBlue Airways,201701
18642,JetBlue Airways,201612
18419,JetBlue Airways,201611
17252,JetBlue Airways,201610
21812,JetBlue Airways,201609
31050,JetBlue Airways,201608
27274,JetBlue Airways,201607
295,JetBlue Airways,201606
259,JetBlue Airways,201605
196,JetBlue Airways,201604
112,JetBlue Airways,201603
4570,Luxury Card,201902
1727,Luxury Card,201901
1916,Luxury Card,201812
1216,Luxury Card,201811
1620,Luxury Card,201810
2368,Luxury Card,201809
1530,Luxury Card,201808
2147,Luxury Card,201807
1903,Luxury Card,201806
2430,Luxury Card,201805
2744,Luxury Card,201804
2976,Luxury Card,201803
2495,Luxury Card,201802
2614,Luxury Card,201801
1980,Luxury Card,201712
1744,Luxury Card,201711
1944,Luxury Card,201710
1330,Luxury Card,201709
1526,Luxury Card,201708
1417,Luxury Card,201707
1447,Luxury Card,201706
2173,Luxury Card,201705
1815,Luxury Card,201704
2171,Luxury Card,201703
2091,Luxury Card,201702
1903,Luxury Card,201701
1895,Luxury Card,201612
1454,Luxury Card,201611
1211,Luxury Card,201610
1455,Luxury Card,201609
1352,Luxury Card,201608
1535,Luxury Card,201607
1863,Luxury Card,201606
1165,Luxury Card,201605
98,Luxury Card,201604
46,Luxury Card,201603
56800,Other Airlines,201902
9534,Other Airlines,201901
10011,Other Airlines,201812
10441,Other Airlines,201811
11940,Other Airlines,201810
12809,Other Airlines,201809
12184,Other Airlines,201808
11381,Other Airlines,201807
11049,Other Airlines,201806
13477,Other Airlines,201805
10345,Other Airlines,201804
11799,Other Airlines,201803
12064,Other Airlines,201802
11360,Other Airlines,201801
14181,Other Airlines,201712
13116,Other Airlines,201711
12816,Other Airlines,201710
12921,Other Airlines,201709
11995,Other Airlines,201708
12464,Other Airlines,201707
10280,Other Airlines,201706
11883,Other Airlines,201705
10576,Other Airlines,201704
12657,Other Airlines,201703
12678,Other Airlines,201702
13003,Other Airlines,201701
13003,Other Airlines,201612
12703,Other Airlines,201611
13915,Other Airlines,201610
14038,Other Airlines,201609
14109,Other Airlines,201608
13793,Other Airlines,201607
10462,Other Airlines,201606
13517,Other Airlines,201605
11143,Other Airlines,201604
12228,Other Airlines,201603
11792,Other Branded Cards,201902
45,Other Branded Cards,201901
81,Other Branded Cards,201812
64,Other Branded Cards,201811
29,Other Branded Cards,201810
14,Other Branded Cards,201809
31,Other Branded Cards,201808
38,Other Branded Cards,201807
38,Other Branded Cards,201806
86,Other Branded Cards,201805
393,Other Branded Cards,201804
6154,Other Branded Cards,201803
6697,Other Branded Cards,201802
7583,Other Branded Cards,201801
7405,Other Branded Cards,201712
6662,Other Branded Cards,201711
7192,Other Branded Cards,201710
11072,Other Branded Cards,201709
15370,Other Branded Cards,201708
11536,Other Branded Cards,201707
7737,Other Branded Cards,201706
14968,Other Branded Cards,201705
19707,Other Branded Cards,201704
20962,Other Branded Cards,201703
8457,Other Branded Cards,201702
8919,Other Branded Cards,201701
6222,Other Branded Cards,201612
6254,Other Branded Cards,201611
7366,Other Branded Cards,201610
8685,Other Branded Cards,201609
11334,Other Branded Cards,201608
15682,Other Branded Cards,201607
12798,Other Branded Cards,201606
5338,Other Branded Cards,201605
6644,Other Branded Cards,201604
8035,Other Branded Cards,201603
18486,Other Partnerships,201902
4582,Other Partnerships,201901
5974,Other Partnerships,201812
6195,Other Partnerships,201811
6302,Other Partnerships,201810
6180,Other Partnerships,201809
6284,Other Partnerships,201808
6477,Other Partnerships,201807
5679,Other Partnerships,201806
5876,Other Partnerships,201805
6575,Other Partnerships,201804
7936,Other Partnerships,201803
8330,Other Partnerships,201802
8472,Other Partnerships,201801
9502,Other Partnerships,201712
6255,Other Partnerships,201711
6090,Other Partnerships,201710
6240,Other Partnerships,201709
6090,Other Partnerships,201708
6618,Other Partnerships,201707
5993,Other Partnerships,201706
6184,Other Partnerships,201705
6974,Other Partnerships,201704
8294,Other Partnerships,201703
8097,Other Partnerships,201702
9306,Other Partnerships,201701
10200,Other Partnerships,201612
9930,Other Partnerships,201611
9191,Other Partnerships,201610
10064,Other Partnerships,201609
11903,Other Partnerships,201608
14896,Other Partnerships,201607
12400,Other Partnerships,201606
12216,Other Partnerships,201605
15200,Other Partnerships,201604
14452,Other Partnerships,201603
174798,Other T&E,201902
35618,Other T&E,201901
40244,Other T&E,201812
42778,Other T&E,201811
35750,Other T&E,201810
34147,Other T&E,201809
34256,Other T&E,201808
38531,Other T&E,201807
29836,Other T&E,201806
33679,Other T&E,201805
38339,Other T&E,201804
52094,Other T&E,201803
25204,Other T&E,201802
23550,Other T&E,201801
29924,Other T&E,201712
31533,Other T&E,201711
29048,Other T&E,201710
29919,Other T&E,201709
28555,Other T&E,201708
26266,Other T&E,201707
22194,Other T&E,201706
24601,Other T&E,201705
22592,Other T&E,201704
25757,Other T&E,201703
32801,Other T&E,201702
30099,Other T&E,201701
44698,Other T&E,201612
49888,Other T&E,201611
43599,Other T&E,201610
33275,Other T&E,201609
31652,Other T&E,201608
29295,Other T&E,201607
22594,Other T&E,201606
24996,Other T&E,201605
25306,Other T&E,201604
27870,Other T&E,201603
61926,Ring,201902
4286,Ring,201901
7274,Ring,201812
4807,Ring,201811
2993,Ring,201810
3149,Ring,201809
2488,Ring,201808
3634,Ring,201807
2589,Ring,201806
2414,Ring,201805
67,Ring,201804
247,Ring,201803
1505,Ring,201802
10755,Ring,201801
23427,Ring,201712
26048,Ring,201711
22970,Ring,201710
20977,Ring,201709
22575,Ring,201708
21470,Ring,201707
7453,Ring,201706
5635,Ring,201705
6275,Ring,201704
9301,Ring,201703
6824,Ring,201702
3361,Ring,201701
683,Ring,201612
645,Ring,201611
698,Ring,201610
1322,Ring,201609
3550,Ring,201608
5609,Ring,201607
4427,Ring,201606
6192,Ring,201605
8105,Ring,201604
5000,Ring,201603
1100,Upromise,201902
66,Upromise,201901
5,Upromise,201812
4,Upromise,201811
1,Upromise,201810
14,Upromise,201809
9,Upromise,201807
1,Upromise,201805
2,Upromise,201708
8,Upromise,201707
850,Upromise,201706
1991,Upromise,201705
1921,Upromise,201704
2689,Upromise,201703
2998,Upromise,201702
2855,Upromise,201701
3675,Upromise,201612
3160,Upromise,201611
2539,Upromise,201610
2789,Upromise,201609
3851,Upromise,201608
3142,Upromise,201607
3473,Upromise,201606
4930,Upromise,201605
2881,Upromise,201604
3459,Upromise,201603
